-- MySQL dump 10.13  Distrib 8.0.26, for macos11.3 (x86_64)
--
-- Host: localhost    Database: main
-- ------------------------------------------------------
-- Server version	8.0.26

/*!40101 SET @OLD_CHARACTER_SET_CLIENT=@@CHARACTER_SET_CLIENT */;
/*!40101 SET @OLD_CHARACTER_SET_RESULTS=@@CHARACTER_SET_RESULTS */;
/*!40101 SET @OLD_COLLATION_CONNECTION=@@COLLATION_CONNECTION */;
/*!50503 SET NAMES utf8mb4 */;
/*!40103 SET @OLD_TIME_ZONE=@@TIME_ZONE */;
/*!40103 SET TIME_ZONE='+00:00' */;
/*!40014 SET @OLD_UNIQUE_CHECKS=@@UNIQUE_CHECKS, UNIQUE_CHECKS=0 */;
/*!40014 SET @OLD_FOREIGN_KEY_CHECKS=@@FOREIGN_KEY_CHECKS, FOREIGN_KEY_CHECKS=0 */;
/*!40101 SET @OLD_SQL_MODE=@@SQL_MODE, SQL_MODE='NO_AUTO_VALUE_ON_ZERO' */;
/*!40111 SET @OLD_SQL_NOTES=@@SQL_NOTES, SQL_NOTES=0 */;

--
-- Table structure for table `api_token`
--

DROP TABLE IF EXISTS `api_token`;
/*!40101 SET @saved_cs_client     = @@character_set_client */;
/*!50503 SET character_set_client = utf8mb4 */;
CREATE TABLE `api_token` (
  `id` int NOT NULL AUTO_INCREMENT,
  `user_id` int NOT NULL,
  `token` varchar(255) COLLATE utf8mb4_unicode_ci NOT NULL,
  `expires_at` datetime NOT NULL,
  PRIMARY KEY (`id`),
  KEY `IDX_7BA2F5EBA76ED395` (`user_id`),
  CONSTRAINT `FK_7BA2F5EBA76ED395` FOREIGN KEY (`user_id`) REFERENCES `user` (`id`)
) ENGINE=InnoDB AUTO_INCREMENT=287 DEFAULT CHARSET=utf8mb4 COLLATE=utf8mb4_unicode_ci;
/*!40101 SET character_set_client = @saved_cs_client */;

--
-- Dumping data for table `api_token`
--

LOCK TABLES `api_token` WRITE;
/*!40000 ALTER TABLE `api_token` DISABLE KEYS */;
INSERT INTO `api_token` VALUES (261,131,'e512df76e099bd8fd663fe72fd5b5642c44b3d0417f0197bb40062a13fb0e2834bf0a82908801e111fe4e2a919d3fd66db55e0c223e08a2612baa302','2021-09-29 20:22:24'),(262,131,'1e6301afdcfdaeb0269cdc8fae10ac3a42df9b3a879ad92a69c79baf93d440f9997e49278111c68a23d7974b38d45d6cf2336689e179b5b72402e1c5','2021-09-29 20:22:24'),(263,132,'5ada5856fecc810819ab3bb84bbec74a77e8a9c906a03a390fec7471af440ea9729a954f5b88e3df6e6237769b041badce8fe223426d01ed069f7942','2021-09-29 20:22:25'),(264,132,'fbe36a629d24a5f4e486414aa9c469589b657a1b1f409e4e07c16148ea33b9f2fd97cbbc1f52b06cedfd08450cb0de5081a8cf03e3698e151712f385','2021-09-29 20:22:25'),(265,133,'a2f7a3f179c66e2c8ead0fd3c38437c4fdfb636ad456031d5028f23fac45138da49564ad5bc90e3b50059c36f0f558bb72556c5d7ac5f2aefdd811a1','2021-09-29 20:22:25'),(266,133,'5a21347ac6764485ae1bf5877e08b00bcf874cb716735466aea9f22639fce368972c04ea8ff24b0612560d4667c2fb503cb26fbde5e99365d0387b23','2021-09-29 20:22:25'),(267,134,'7d4bc790d39222d81d7781af1614f3e4731af9b8a03160f28c99eb814a4cc7780f0e4c75a23375d6cf8ba939c1a21146ec17a84ec94feb5015df4b11','2021-09-29 20:22:26'),(268,134,'c1d735678ec75ad30042f1cd5a05dbe8454eb0ec33cf5e86d3806ffb308475fbbbe3c99ea2c424ac27628ec0926dae51bb3e45d0193e4508a8647e83','2021-09-29 20:22:26'),(269,135,'62b0874e2bc3ac1e756e0b462b142d07b4accafaf0b1b0ac1a4d243644157dc87426f5617f015682090392101b32a302f836cd6943c5c465758d234c','2021-09-29 20:22:26'),(270,135,'aecfe7b5f0119ffabaad6b9ead234ce868597a04f67deeff4078b2d5eb28db57059b232c87ef6d3bdb0129e471da3cf78c797f97c00a83c67febdc6b','2021-09-29 20:22:26'),(271,136,'c8e84a2a8af3b9f20c40461e0b4c4ca80412997d0d622094dd4cf5d621b1ce8ab414188c417b7f422d79238978a47e35efb58b3631174d0930c04def','2021-09-29 20:22:26'),(272,136,'9a4fca457faca98b6824bf9b0845b143467e2e3deafe30f29f5be77b817c78b7324581e34d613a3c709c880ebd34b296b27c493200841fb542532969','2021-09-29 20:22:26'),(273,137,'5e56559f786f5d518ef1df9ca9bb6a82fdf1fe3ceaccb5f49f215c3f70fee90f57369bd98bd5fd6cae5c0ba6641b1111f754267a80621ecdcaf5423f','2021-09-29 20:22:27'),(274,137,'7e0ebf151c323f1e904c5288eb79cb600f9d9fa10dc12e11f3fa616ae36c727424cd10726bff650811c923d57fb91b1f27f1a6593999db0025f42973','2021-09-29 20:22:27'),(275,138,'83681bd5ef6a795fe19b7a39a2cdc6421233590dd8a3a5acfee0511f5cf5a269f03b7d918b274c02f0b20fa03c9e95be47239362390d805e7e552738','2021-09-29 20:22:27'),(276,138,'99116cbf0b1b85bb6f604da9587d456260389b78b57f7b5b5e2c0bfe2061371105b936aa6e7dc3ee69df596e48814ba4ad43862679d0f3fcda3d7092','2021-09-29 20:22:27'),(277,139,'804aaf347aa4b25fbf0a1c6915bdb937fdf56c23a16faa6008281414624642a5559065af5b60c647771d894d2806b0b3cdd1f756b43908e2a4dbd4fc','2021-09-29 20:22:28'),(278,139,'eee1ead038c7266bde67d2a4f78ac193e35489a8ca10d9dd24b062bd2cf1978360fc59fa60f7fd0e33f8c2d1b7b820a7d80c7c8bcc66aabd0b15115f','2021-09-29 20:22:28'),(279,140,'77cda02a28ae7b427272fe22c2678a444fe7a96e1a9ad8a41b4207ec936ab44775a410459b7e23d79a02d58e650f692824a4dd6515c9667bf69cf073','2021-09-29 20:22:28'),(280,140,'8dd45c2f87166c7901b908570b8a2596f5576062161d37716b79d27870e6a0dacaaa5df481d8391e85684ba53a44f1d4231a98efe2ec636c5a6d5de2','2021-09-29 20:22:28'),(281,141,'3e9a7e910523d865e07344d78dff4fbfd6c0d424b853ddb79c85491afd72e0c21fa62359c5ae8f54435395245c542a79f4d599297e51ca14697c754a','2021-09-29 20:22:29'),(282,141,'3cf227bcf2d67af511902c296b5af0208a166853b933e240c16ffa80174d5cbeea99280aaffc2206d2c0e083a3d50c405a62e13aac59b9ff4360ffcb','2021-09-29 20:22:29'),(283,142,'879a58dac1ce62d062f968246fef26c9d38601d2f4c862cb17086341afe15e8cfb7b6566f77889bc27b3467de8e98dc26b331bf0e3cb35f9151e5f2c','2021-09-29 20:22:29'),(284,142,'22ca88c727e94c044c25badb33268f10f4dbcef7ed06e1bbaf5b5a44d02f4a3ca8feb2d15424117fc5756c764e2bbf9fc50f7f8e9319ec23ea8041a2','2021-09-29 20:22:29'),(285,143,'5d5a9796efe3476f2e55e26654ca778beeda967017e5fe9a6c577af30575919f4f6604af827b295dd55f6c9da5279c4738c3d71e4f5e6f9c08ba0ea7','2021-09-29 20:22:30'),(286,143,'b0755dd78061b32bc7f654f7317bbaa193ea8ce5763783bf7b8cf29a9356eefeead1cf3f3f0cc9e1abbfbef2281ceb16587c9751be99bcdca021747b','2021-09-29 20:22:30');
/*!40000 ALTER TABLE `api_token` ENABLE KEYS */;
UNLOCK TABLES;

--
-- Table structure for table `day_pdf_file`
--

DROP TABLE IF EXISTS `day_pdf_file`;
/*!40101 SET @saved_cs_client     = @@character_set_client */;
/*!50503 SET character_set_client = utf8mb4 */;
CREATE TABLE `day_pdf_file` (
  `id` int NOT NULL AUTO_INCREMENT,
  `day_id` int NOT NULL,
  `filename` varchar(255) COLLATE utf8mb4_unicode_ci NOT NULL,
  `original_filename` varchar(255) COLLATE utf8mb4_unicode_ci NOT NULL,
  `mime_type` varchar(255) COLLATE utf8mb4_unicode_ci NOT NULL,
  `position` int NOT NULL,
  PRIMARY KEY (`id`),
  KEY `IDX_69C39B239C24126` (`day_id`),
  CONSTRAINT `FK_69C39B239C24126` FOREIGN KEY (`day_id`) REFERENCES `day` (`id`)
) ENGINE=InnoDB AUTO_INCREMENT=2 DEFAULT CHARSET=utf8mb4 COLLATE=utf8mb4_unicode_ci;
/*!40101 SET character_set_client = @saved_cs_client */;

--
-- Dumping data for table `day_pdf_file`
--

LOCK TABLES `day_pdf_file` WRITE;
/*!40000 ALTER TABLE `day_pdf_file` DISABLE KEYS */;
/*!40000 ALTER TABLE `day_pdf_file` ENABLE KEYS */;
UNLOCK TABLES;

--
-- Table structure for table `day`
--

DROP TABLE IF EXISTS `day`;
/*!40101 SET @saved_cs_client     = @@character_set_client */;
/*!50503 SET character_set_client = utf8mb4 */;
CREATE TABLE `day` (
  `id` int NOT NULL AUTO_INCREMENT,
  `month_id` int NOT NULL,
  `published_at` tinyint(1) DEFAULT NULL,
  `title` varchar(255) COLLATE utf8mb4_unicode_ci NOT NULL,
  `slug` varchar(100) COLLATE utf8mb4_unicode_ci NOT NULL,
  `content` longtext COLLATE utf8mb4_unicode_ci,
  `image_filename` varchar(255) COLLATE utf8mb4_unicode_ci DEFAULT NULL,
  PRIMARY KEY (`id`),
  KEY `IDX_E5A02990A0CBDE4` (`month_id`),
  CONSTRAINT `FK_E5A02990A0CBDE4` FOREIGN KEY (`month_id`) REFERENCES `month` (`id`)
) ENGINE=InnoDB AUTO_INCREMENT=2271 DEFAULT CHARSET=utf8mb4 COLLATE=utf8mb4_unicode_ci;
/*!40101 SET character_set_client = @saved_cs_client */;

--
-- Dumping data for table `day`
--

LOCK TABLES `day` WRITE;
/*!40000 ALTER TABLE `day` DISABLE KEYS */;
INSERT INTO `day` VALUES (1911,121,1,'Day1','facere-facilis-commodi-sit-voluptas','Content for Day 1',NULL),(1912,121,1,'Day 2','at-earum-explicabo-vitae-quibusdam','Content for Day 2',NULL),(1913,121,1,'Day3','voluptatum-deleniti-eveniet-vitae-dolores-quas-quos-minus','Content for Day 3',NULL),(1914,121,1,'Day 4','quibusdam-illo-commodi-in-ipsam','Content for Day 4',NULL),(1915,121,1,'Day5','ea-voluptate-sapiente-veritatis-aut-ea-ab-magnam','Content for Day 5',NULL),(1916,121,1,'Day 6','officia-beatae-vel-itaque-expedita','Content for Day 6',NULL),(1917,121,1,'Day 7','facilis-veniam-aut-repudiandae-beatae-consectetur','Content for Day 7',NULL),(1918,121,1,'Day 8','exercitationem-consequatur-perferendis-tenetur-omnis','Content for Day 8',NULL),(1919,121,1,'Day 9','non-alias-recusandae-est-delectus','Content for Day 9',NULL),(1920,121,1,'Day 10','nisi-et-soluta-quia-quae-et','Content for Day 10',NULL),(1921,121,1,'Day 11','nam-iure-et-ea','Content for Day 11',NULL),(1922,121,1,'Day 12','iure-esse-dolorem-soluta','Content for Day 12',NULL),(1923,121,1,'Day 13','quisquam-assumenda-ut-cumque-est-ut-debitis-iure-cumque','Content for Day 13',NULL),(1924,121,1,'Day 14','et-dolorum-nihil-ut-et-in','Content for Day 14',NULL),(1925,121,1,'Day 15','rerum-quidem-quis-magni-et-quis-dolor-eligendi-error','Content for Day 15',NULL),(1926,121,1,'Day 16','et-et-quo-quis-iste-et-non-nihil','Content for Day 16',NULL),(1927,121,1,'Day 17','iure-odit-quia-laborum-eaque-in','Content for Day 17',NULL),(1928,121,1,'Day 18','placeat-ut-enim-eius-est','Content for Day 18',NULL),(1929,121,1,'Day 19','ab-et-et-vero-similique-dignissimos-voluptas-dolores-voluptatem','Content for Day 19',NULL),(1930,121,1,'Day 20','maxime-ad-ut-quaerat-nostrum-qui-eius','Content for Day 20',NULL),(1931,121,1,'Day 21','aut-minima-illum-nemo-et-voluptatibus','Content for Day 21',NULL),(1932,121,1,'Day 22','vel-delectus-ut-animi-quia-ad-enim-esse','Content for Day 22',NULL),(1933,121,1,'Day 23','amet-necessitatibus-illo-et-totam-inventore-eos-occaecati','Content for Day 23',NULL),(1934,121,1,'Day 24','rerum-officia-ipsum-minima-assumenda-reprehenderit','Content for Day 24',NULL),(1935,121,1,'Day 25','est-expedita-nemo-est-voluptas','Content for Day 25',NULL),(1936,121,1,'Day 26','quis-eveniet-delectus-laudantium-facere-veniam','Content for Day 26',NULL),(1937,121,1,'Day 27','incidunt-expedita-voluptas-ut-cumque','Content for Day 27',NULL),(1938,121,1,'Day 28','aut-modi-quos-dolorem-voluptatibus-eaque-quia','Content for Day 28',NULL),(1939,121,1,'Day 29','non-dicta-expedita-consequuntur-laboriosam-ullam-ex','Content for Day 29',NULL),(1940,121,1,'Day 30','et-quas-error-quae-error-inventore-voluptas','Content for Day 30',NULL),(1941,122,1,'Day1','ea-quia-odit-dolores-nulla-ipsam','Content for Day 1',NULL),(1942,122,1,'Day 2','ipsa-numquam-debitis-nisi-aut','Content for Day 2',NULL),(1943,122,1,'Day3','odit-fuga-porro-est-dignissimos-necessitatibus','Content for Day 3',NULL),(1944,122,1,'Day 4','repellat-voluptas-officiis-mollitia-ipsum-voluptas-rerum-libero','Content for Day 4',NULL),(1945,122,1,'Day5','amet-sit-sunt-quia-doloribus','Content for Day 5',NULL),(1946,122,1,'Day 6','doloribus-enim-autem-ut-sequi-voluptatem-dolor','Content for Day 6',NULL),(1947,122,1,'Day 7','cum-dolores-consequatur-quod-id','Content for Day 7',NULL),(1948,122,1,'Day 8','saepe-expedita-velit-porro-voluptatem-hic-quis-quia','Content for Day 8',NULL),(1949,122,1,'Day 9','dignissimos-nesciunt-ut-labore','Content for Day 9',NULL),(1950,122,1,'Day 10','provident-tenetur-ut-ducimus-error-rerum-veritatis-sed-at','Content for Day 10',NULL),(1951,122,1,'Day 11','aut-qui-minima-quas-a','Content for Day 11',NULL),(1952,122,1,'Day 12','sit-eius-voluptas-fugiat-est','Content for Day 12',NULL),(1953,122,1,'Day 13','cumque-voluptas-enim-aut-doloremque-aut','Content for Day 13',NULL),(1954,122,1,'Day 14','quod-quis-esse-est-enim-quo-nihil-dolor','Content for Day 14',NULL),(1955,122,1,'Day 15','et-dolor-non-est-eos-eveniet','Content for Day 15',NULL),(1956,122,1,'Day 16','eius-mollitia-omnis-voluptatibus-dicta-odit-placeat','Content for Day 16',NULL),(1957,122,1,'Day 17','reiciendis-voluptates-tempora-voluptas-dolores-ipsum','Content for Day 17',NULL),(1958,122,1,'Day 18','accusantium-ad-ut-modi-non-quae','Content for Day 18',NULL),(1959,122,1,'Day 19','pariatur-quo-accusantium-et-aperiam','Content for Day 19',NULL),(1960,122,1,'Day 20','iste-consequatur-fugiat-repellendus','Content for Day 20',NULL),(1961,122,1,'Day 21','et-saepe-corrupti-nesciunt-porro-consequuntur-qui-vero','Content for Day 21',NULL),(1962,122,1,'Day 22','voluptatum-ad-ad-dolor-fugit-dolores','Content for Day 22',NULL),(1963,122,1,'Day 23','facilis-voluptas-nostrum-esse-ipsam-velit-error','Content for Day 23',NULL),(1964,122,1,'Day 24','amet-non-eum-pariatur-magnam','Content for Day 24',NULL),(1965,122,1,'Day 25','corrupti-est-est-aut-quia-aut-pariatur-accusantium','Content for Day 25',NULL),(1966,122,1,'Day 26','nihil-labore-aut-quia-reprehenderit-deleniti-eligendi-nostrum','Content for Day 26',NULL),(1967,122,1,'Day 27','maxime-rerum-incidunt-aspernatur-est-nihil-et','Content for Day 27',NULL),(1968,122,1,'Day 28','occaecati-ducimus-quod-eligendi-quam-architecto-voluptatem','Content for Day 28',NULL),(1969,122,1,'Day 29','autem-modi-enim-consequatur-esse-deleniti-veritatis','Content for Day 29',NULL),(1970,122,1,'Day 30','maxime-voluptate-velit-labore-sed','Content for Day 30',NULL),(1971,123,1,'Day1','autem-expedita-commodi-sit-consequuntur-repellendus-eligendi','Content for Day 1',NULL),(1972,123,1,'Day 2','quibusdam-dolorem-omnis-ut-nihil-enim-eum-laudantium','Content for Day 2',NULL),(1973,123,1,'Day3','sint-et-nihil-repudiandae','Content for Day 3',NULL),(1974,123,1,'Day 4','suscipit-et-architecto-est-expedita-sequi-eius-inventore','Content for Day 4',NULL),(1975,123,1,'Day5','voluptate-laudantium-enim-quae-assumenda-doloribus-sed','Content for Day 5',NULL),(1976,123,1,'Day 6','sequi-cumque-nesciunt-eveniet','Content for Day 6',NULL),(1977,123,1,'Day 7','blanditiis-sit-voluptatem-esse-qui-non-at','Content for Day 7',NULL),(1978,123,1,'Day 8','ipsa-nesciunt-libero-ut-sunt-odit-asperiores','Content for Day 8',NULL),(1979,123,1,'Day 9','occaecati-facilis-ab-et-ullam','Content for Day 9',NULL),(1980,123,1,'Day 10','eaque-accusantium-quasi-quasi-a-quia','Content for Day 10',NULL),(1981,123,1,'Day 11','autem-in-corporis-est-tempore-qui-aliquid-itaque','Content for Day 11',NULL),(1982,123,1,'Day 12','et-illo-error-id-beatae-quae-quidem','Content for Day 12',NULL),(1983,123,1,'Day 13','eligendi-necessitatibus-aut-et-recusandae-recusandae-eaque-omnis','Content for Day 13',NULL),(1984,123,1,'Day 14','dolorum-alias-ut-veritatis-atque-et-omnis-velit','Content for Day 14',NULL),(1985,123,1,'Day 15','corporis-ab-numquam-sit-exercitationem-eveniet-omnis-ipsam','Content for Day 15',NULL),(1986,123,1,'Day 16','nulla-minima-aperiam-totam-dolore-qui-autem-quam','Content for Day 16',NULL),(1987,123,1,'Day 17','blanditiis-nostrum-eveniet-architecto-nihil-omnis-necessitatibus','Content for Day 17',NULL),(1988,123,1,'Day 18','similique-et-sint-minus-doloribus','Content for Day 18',NULL),(1989,123,1,'Day 19','possimus-consequatur-necessitatibus-vel-et','Content for Day 19',NULL),(1990,123,1,'Day 20','ducimus-voluptates-dolore-commodi-ut','Content for Day 20',NULL),(1991,123,1,'Day 21','sed-assumenda-corrupti-fugit-earum-et-quia','Content for Day 21',NULL),(1992,123,1,'Day 22','eum-molestias-voluptatibus-illum-minus','Content for Day 22',NULL),(1993,123,1,'Day 23','eum-magni-ea-aliquam-iste-praesentium-omnis','Content for Day 23',NULL),(1994,123,1,'Day 24','atque-impedit-veniam-illum-sint','Content for Day 24',NULL),(1995,123,1,'Day 25','voluptas-aut-saepe-numquam-iusto','Content for Day 25',NULL),(1996,123,1,'Day 26','deleniti-sed-ipsa-nobis-maxime','Content for Day 26',NULL),(1997,123,1,'Day 27','dolore-harum-repellat-fugit','Content for Day 27',NULL),(1998,123,1,'Day 28','et-totam-dolorum-animi-corrupti-qui-qui-architecto-corporis','Content for Day 28',NULL),(1999,123,1,'Day 29','eius-consequatur-minima-deserunt-et-blanditiis-distinctio-est','Content for Day 29',NULL),(2000,123,1,'Day 30','ducimus-porro-debitis-in-qui-perspiciatis','Content for Day 30',NULL),(2001,124,1,'Day1','odio-possimus-voluptas-laborum-at','Content for Day 1',NULL),(2002,124,1,'Day 2','soluta-sed-qui-est-at-sit-a-dolore','Content for Day 2',NULL),(2003,124,1,'Day3','inventore-qui-ipsam-ullam-rem-et-repellendus','Content for Day 3',NULL),(2004,124,1,'Day 4','quae-aut-quas-dolorem','Content for Day 4',NULL),(2005,124,1,'Day5','labore-id-iusto-qui-architecto-tenetur','Content for Day 5',NULL),(2006,124,1,'Day 6','aliquid-unde-necessitatibus-rem-aut','Content for Day 6',NULL),(2007,124,1,'Day 7','tempore-aspernatur-reiciendis-reprehenderit-et-ut','Content for Day 7',NULL),(2008,124,1,'Day 8','necessitatibus-natus-deleniti-doloribus-vitae-repellat-quo-esse-ab','Content for Day 8',NULL),(2009,124,1,'Day 9','sunt-saepe-velit-aperiam-autem-sit-culpa','Content for Day 9',NULL),(2010,124,1,'Day 10','rerum-ipsam-reprehenderit-nobis-eius','Content for Day 10',NULL),(2011,124,1,'Day 11','hic-quae-deserunt-consequatur-aliquid-earum','Content for Day 11',NULL),(2012,124,1,'Day 12','quo-omnis-nobis-qui-cumque-alias-omnis','Content for Day 12',NULL),(2013,124,1,'Day 13','voluptate-nulla-repudiandae-dolores-corporis-vitae','Content for Day 13',NULL),(2014,124,1,'Day 14','rerum-eligendi-deserunt-quis-nemo','Content for Day 14',NULL),(2015,124,1,'Day 15','est-qui-repudiandae-quo-porro-deserunt-et-eligendi','Content for Day 15',NULL),(2016,124,1,'Day 16','libero-saepe-temporibus-sint-aliquid-asperiores-ut-vitae-officiis','Content for Day 16',NULL),(2017,124,1,'Day 17','magnam-ea-non-et-adipisci-quas-reprehenderit-dolores-laboriosam','Content for Day 17',NULL),(2018,124,1,'Day 18','et-repellendus-dolore-quasi-accusamus','Content for Day 18',NULL),(2019,124,1,'Day 19','blanditiis-velit-praesentium-dignissimos-quia-qui-qui-dolores-laborum','Content for Day 19',NULL),(2020,124,1,'Day 20','voluptatum-et-molestias-voluptatem-sed-ullam-modi-rerum','Content for Day 20',NULL),(2021,124,1,'Day 21','amet-nihil-neque-iure-dolores','Content for Day 21',NULL),(2022,124,1,'Day 22','at-maxime-eum-enim-sunt-quia-tempore-nam','Content for Day 22',NULL),(2023,124,1,'Day 23','ullam-tempore-impedit-quia-eligendi-eos','Content for Day 23',NULL),(2024,124,1,'Day 24','ut-quia-et-aut-voluptatem-quos-numquam','Content for Day 24',NULL),(2025,124,1,'Day 25','blanditiis-exercitationem-maiores-ut-quidem-quis-nisi-voluptatibus','Content for Day 25',NULL),(2026,124,1,'Day 26','accusamus-debitis-facere-sint-voluptatem','Content for Day 26',NULL),(2027,124,1,'Day 27','omnis-omnis-voluptates-nihil-voluptatibus-minima-tempora','Content for Day 27',NULL),(2028,124,1,'Day 28','tenetur-velit-deleniti-tempora-doloremque-cum-velit','Content for Day 28',NULL),(2029,124,1,'Day 29','tempora-dicta-velit-eaque-autem-nam-dignissimos','Content for Day 29',NULL),(2030,124,1,'Day 30','consectetur-reiciendis-alias-non-accusantium-optio-quo','Content for Day 30',NULL),(2031,125,1,'Day1','et-a-aut-ut-nisi-ea-molestias-recusandae-et','Content for Day 1',NULL),(2032,125,1,'Day 2','vitae-nam-numquam-cum-sed-fugiat-suscipit-ex','Content for Day 2',NULL),(2033,125,1,'Day3','fugit-et-fuga-quia-ipsum-earum-quos-nihil','Content for Day 3',NULL),(2034,125,1,'Day 4','natus-sapiente-id-assumenda','Content for Day 4',NULL),(2035,125,1,'Day5','ipsum-delectus-ullam-harum-sint-accusantium-provident','Content for Day 5',NULL),(2036,125,1,'Day 6','ut-aliquid-dicta-quo-consequatur-voluptatem-quia-ut-ut','Content for Day 6',NULL),(2037,125,1,'Day 7','in-incidunt-dolor-et-consequatur-sapiente-aut-velit-corrupti','Content for Day 7',NULL),(2038,125,1,'Day 8','consectetur-est-nihil-perspiciatis-est-rerum-cumque','Content for Day 8',NULL),(2039,125,1,'Day 9','ut-doloribus-provident-non-vitae','Content for Day 9',NULL),(2040,125,1,'Day 10','architecto-sed-dolorem-quos-quia','Content for Day 10',NULL),(2041,125,1,'Day 11','minus-repellendus-magni-fugiat-sequi-est-qui-sequi','Content for Day 11',NULL),(2042,125,1,'Day 12','quo-et-doloremque-error','Content for Day 12',NULL),(2043,125,1,'Day 13','quos-eum-sunt-autem-quos-esse-quos-nobis','Content for Day 13',NULL),(2044,125,1,'Day 14','facere-et-et-aut-necessitatibus-eius','Content for Day 14',NULL),(2045,125,1,'Day 15','incidunt-sint-error-alias','Content for Day 15',NULL),(2046,125,1,'Day 16','incidunt-ratione-aspernatur-quod-sed-quam','Content for Day 16',NULL),(2047,125,1,'Day 17','odio-at-ipsa-velit-nisi','Content for Day 17',NULL),(2048,125,1,'Day 18','aut-facilis-modi-nostrum-maiores-minus','Content for Day 18',NULL),(2049,125,1,'Day 19','voluptate-est-quod-ut-facilis','Content for Day 19',NULL),(2050,125,1,'Day 20','dolor-ut-itaque-ratione','Content for Day 20',NULL),(2051,125,1,'Day 21','repudiandae-nostrum-omnis-aut-aliquam-eaque-voluptas-quis-consequuntur','Content for Day 21',NULL),(2052,125,1,'Day 22','voluptas-illum-laborum-sunt-ex-ex','Content for Day 22',NULL),(2053,125,1,'Day 23','aut-dolor-delectus-est-adipisci-ut-neque-asperiores','Content for Day 23',NULL),(2054,125,1,'Day 24','sed-tempore-rerum-voluptatem-odit-repudiandae-molestiae','Content for Day 24',NULL),(2055,125,1,'Day 25','quo-eum-sequi-quibusdam-hic-aperiam-in-deleniti','Content for Day 25',NULL),(2056,125,1,'Day 26','accusamus-sapiente-voluptatem-magnam-officiis-quibusdam-earum-et','Content for Day 26',NULL),(2057,125,1,'Day 27','doloremque-sit-eos-et-reiciendis-vel-enim-cumque','Content for Day 27',NULL),(2058,125,1,'Day 28','eum-optio-voluptatem-occaecati-provident-quia-harum','Content for Day 28',NULL),(2059,125,1,'Day 29','nesciunt-deleniti-itaque-doloremque-ut-illo-saepe','Content for Day 29',NULL),(2060,125,1,'Day 30','et-minus-laboriosam-sequi-magni-voluptatem-necessitatibus-maxime-aspernatur','Content for Day 30',NULL),(2061,126,1,'Day1','recusandae-ipsam-sed-nesciunt-et-quia-est-vel','Content for Day 1',NULL),(2062,126,1,'Day 2','labore-quisquam-et-similique-quia-optio-dicta','Content for Day 2',NULL),(2063,126,1,'Day3','beatae-officia-dolor-vitae-est-ut-consequuntur-et','Content for Day 3',NULL),(2064,126,1,'Day 4','atque-qui-dignissimos-aliquam-nam-similique-velit','Content for Day 4',NULL),(2065,126,1,'Day5','qui-non-minima-sed-et-autem-voluptatem-velit-qui','Content for Day 5',NULL),(2066,126,1,'Day 6','error-quos-quia-nam-sint-optio','Content for Day 6',NULL),(2067,126,1,'Day 7','sequi-aliquam-ipsam-est-sequi-animi','Content for Day 7',NULL),(2068,126,1,'Day 8','perspiciatis-deserunt-velit-delectus-quisquam-aut-molestiae','Content for Day 8',NULL),(2069,126,1,'Day 9','et-magnam-tenetur-consequatur-veritatis-quo-quia-ad','Content for Day 9',NULL),(2070,126,1,'Day 10','doloribus-omnis-reprehenderit-occaecati-molestias-occaecati','Content for Day 10',NULL),(2071,126,1,'Day 11','libero-quae-enim-facilis-et','Content for Day 11',NULL),(2072,126,1,'Day 12','voluptatem-sit-doloribus-quisquam-quia-facilis-non-aut','Content for Day 12',NULL),(2073,126,1,'Day 13','sint-dolor-rerum-rem-alias-aliquam-sint-deserunt-est','Content for Day 13',NULL),(2074,126,1,'Day 14','vero-dignissimos-minus-aut','Content for Day 14',NULL),(2075,126,1,'Day 15','aperiam-dolor-necessitatibus-voluptas-fugit','Content for Day 15',NULL),(2076,126,1,'Day 16','explicabo-qui-dolores-officiis-quam-animi-delectus-quisquam','Content for Day 16',NULL),(2077,126,1,'Day 17','et-a-et-tempora-dicta-iusto-nihil-consequatur','Content for Day 17',NULL),(2078,126,1,'Day 18','adipisci-magni-cumque-quos-quaerat','Content for Day 18',NULL),(2079,126,1,'Day 19','et-inventore-repudiandae-non-quo-et-accusantium-et-suscipit','Content for Day 19',NULL),(2080,126,1,'Day 20','voluptatem-dolores-nesciunt-cum-numquam-illo','Content for Day 20',NULL),(2081,126,1,'Day 21','suscipit-est-voluptas-porro-minus','Content for Day 21',NULL),(2082,126,1,'Day 22','eaque-enim-ratione-ex-quod','Content for Day 22',NULL),(2083,126,1,'Day 23','ipsa-tenetur-voluptatem-et-tempora-suscipit','Content for Day 23',NULL),(2084,126,1,'Day 24','quo-aut-quia-dolores-ab','Content for Day 24',NULL),(2085,126,1,'Day 25','at-ullam-quo-aspernatur-voluptatem-numquam-magni','Content for Day 25',NULL),(2086,126,1,'Day 26','assumenda-maiores-harum-eum-est-voluptas-amet-sed','Content for Day 26',NULL),(2087,126,1,'Day 27','voluptates-ab-ut-aliquam-excepturi-vel','Content for Day 27',NULL),(2088,126,1,'Day 28','doloremque-ipsa-in-quidem-nihil-deserunt-aperiam','Content for Day 28',NULL),(2089,126,1,'Day 29','placeat-inventore-impedit-dolores-voluptas-qui-deleniti-temporibus-et','Content for Day 29',NULL),(2090,126,1,'Day 30','in-quo-voluptatibus-laudantium-dolorum-consequatur-voluptatibus-totam-id','Content for Day 30',NULL),(2091,127,1,'Day1','similique-qui-quas-non-tempore','Content for Day 1',NULL),(2092,127,1,'Day 2','amet-sint-sint-voluptatibus','Content for Day 2',NULL),(2093,127,1,'Day3','et-maiores-doloremque-mollitia-quia-rerum-est-animi','Content for Day 3',NULL),(2094,127,1,'Day 4','aut-laborum-est-nihil-aut-consequatur-sunt-expedita','Content for Day 4',NULL),(2095,127,1,'Day5','aliquid-at-ut-consectetur','Content for Day 5',NULL),(2096,127,1,'Day 6','qui-labore-quis-sed-molestiae-eaque-quidem-impedit-incidunt','Content for Day 6',NULL),(2097,127,1,'Day 7','pariatur-aliquam-ducimus-repellendus-perspiciatis','Content for Day 7',NULL),(2098,127,1,'Day 8','et-dolor-dolores-vero-dignissimos-autem-debitis','Content for Day 8',NULL),(2099,127,1,'Day 9','consequatur-natus-impedit-corporis-mollitia','Content for Day 9',NULL),(2100,127,1,'Day 10','consequatur-doloribus-consectetur-et-blanditiis-ut-sunt','Content for Day 10',NULL),(2101,127,1,'Day 11','nam-eos-ullam-qui-placeat','Content for Day 11',NULL),(2102,127,1,'Day 12','repellat-vitae-impedit-ut-sapiente','Content for Day 12',NULL),(2103,127,1,'Day 13','quas-amet-iusto-est-et-iusto-quia-aut-aut','Content for Day 13',NULL),(2104,127,1,'Day 14','et-amet-et-dolorem','Content for Day 14',NULL),(2105,127,1,'Day 15','et-vitae-deleniti-maiores-sed','Content for Day 15',NULL),(2106,127,1,'Day 16','porro-ullam-provident-nemo','Content for Day 16',NULL),(2107,127,1,'Day 17','natus-ut-molestiae-aut-fuga-voluptatum-iusto-in','Content for Day 17',NULL),(2108,127,1,'Day 18','rem-ea-nostrum-esse-quia-possimus-ex','Content for Day 18',NULL),(2109,127,1,'Day 19','aut-et-enim-natus-qui-ad-et-quasi','Content for Day 19',NULL),(2110,127,1,'Day 20','doloribus-officiis-ut-repellat-molestiae-sapiente-consequuntur-reprehenderit','Content for Day 20',NULL),(2111,127,1,'Day 21','quasi-inventore-excepturi-beatae-provident-distinctio-libero-voluptatibus-explicabo','Content for Day 21',NULL),(2112,127,1,'Day 22','iusto-voluptas-excepturi-incidunt-enim-in','Content for Day 22',NULL),(2113,127,1,'Day 23','corrupti-aut-quasi-nisi-hic','Content for Day 23',NULL),(2114,127,1,'Day 24','tenetur-facilis-voluptatem-dolores-maxime-qui-officia-facilis','Content for Day 24',NULL),(2115,127,1,'Day 25','quia-sit-id-magni-corporis','Content for Day 25',NULL),(2116,127,1,'Day 26','velit-doloribus-quis-neque-aut-repellat','Content for Day 26',NULL),(2117,127,1,'Day 27','unde-aut-nemo-fugiat-dolorem-sunt-accusantium-quia','Content for Day 27',NULL),(2118,127,1,'Day 28','voluptatibus-ea-laboriosam-et-recusandae-magni','Content for Day 28',NULL),(2119,127,1,'Day 29','autem-qui-dicta-natus-dicta-sit-rem-qui-iusto','Content for Day 29',NULL),(2120,127,1,'Day 30','eaque-eveniet-sunt-architecto-cum-eaque-cum-asperiores-officia','Content for Day 30',NULL),(2121,128,1,'Day1','expedita-quia-nulla-animi-eum-mollitia-recusandae','Content for Day 1',NULL),(2122,128,1,'Day 2','dolores-non-et-nulla-adipisci-magni-et','Content for Day 2',NULL),(2123,128,1,'Day3','praesentium-ut-quasi-quo-porro-deserunt-ratione','Content for Day 3',NULL),(2124,128,1,'Day 4','eum-eos-sed-tenetur-molestiae-voluptatum-ad-explicabo','Content for Day 4',NULL),(2125,128,1,'Day5','molestiae-sequi-earum-veritatis-sint-facere-voluptas-beatae','Content for Day 5',NULL),(2126,128,1,'Day 6','possimus-ut-voluptate-qui-consequatur-consequuntur-fugiat-adipisci-tempora','Content for Day 6',NULL),(2127,128,1,'Day 7','placeat-provident-voluptatem-nostrum-laborum','Content for Day 7',NULL),(2128,128,1,'Day 8','provident-velit-nostrum-dolorum-et-pariatur','Content for Day 8',NULL),(2129,128,1,'Day 9','magnam-mollitia-deleniti-corrupti-maiores','Content for Day 9',NULL),(2130,128,1,'Day 10','et-aspernatur-sed-in-quia','Content for Day 10',NULL),(2131,128,1,'Day 11','asperiores-mollitia-et-temporibus-eum-rerum-unde-vero','Content for Day 11',NULL),(2132,128,1,'Day 12','delectus-quis-laborum-nemo-repellendus-consequatur-est-corporis','Content for Day 12',NULL),(2133,128,1,'Day 13','quae-sapiente-est-occaecati-nobis','Content for Day 13',NULL),(2134,128,1,'Day 14','est-aspernatur-aspernatur-autem-eum-qui-rem-deleniti','Content for Day 14',NULL),(2135,128,1,'Day 15','adipisci-rerum-voluptatem-veniam-commodi-dolore-sequi-dolorem-eum','Content for Day 15',NULL),(2136,128,1,'Day 16','quia-aut-dolor-ut-nostrum-dicta-nostrum','Content for Day 16',NULL),(2137,128,1,'Day 17','aliquam-delectus-autem-facilis-voluptate','Content for Day 17',NULL),(2138,128,1,'Day 18','ut-quam-ea-eos-fugiat-ut-mollitia-sequi','Content for Day 18',NULL),(2139,128,1,'Day 19','numquam-accusamus-est-aut-blanditiis','Content for Day 19',NULL),(2140,128,1,'Day 20','cupiditate-saepe-voluptate-quo-cum','Content for Day 20',NULL),(2141,128,1,'Day 21','quia-voluptatem-et-repellendus-et-consequatur','Content for Day 21',NULL),(2142,128,1,'Day 22','quaerat-quos-exercitationem-dolores','Content for Day 22',NULL),(2143,128,1,'Day 23','minima-magnam-quae-neque-omnis-rerum-alias-rerum','Content for Day 23',NULL),(2144,128,1,'Day 24','veniam-et-amet-odio-dolore-eum','Content for Day 24',NULL),(2145,128,1,'Day 25','ullam-est-nisi-tempora-magnam-temporibus-aperiam-officia-sint','Content for Day 25',NULL),(2146,128,1,'Day 26','odit-ullam-animi-architecto-tempore','Content for Day 26',NULL),(2147,128,1,'Day 27','harum-et-repudiandae-fugit-id-ex-non','Content for Day 27',NULL),(2148,128,1,'Day 28','ut-qui-est-et-perferendis-asperiores-ut-amet','Content for Day 28',NULL),(2149,128,1,'Day 29','dolor-ut-molestiae-rerum-deleniti','Content for Day 29',NULL),(2150,128,1,'Day 30','sapiente-doloremque-ab-ut-dolores-illum-quod','Content for Day 30',NULL),(2151,129,1,'Day1','ipsam-non-pariatur-autem-reprehenderit-aut-ipsum-tenetur','Content for Day 1',NULL),(2152,129,1,'Day 2','accusantium-et-vel-corrupti-nostrum-ducimus-commodi','Content for Day 2',NULL),(2153,129,1,'Day3','praesentium-vitae-laboriosam-voluptatem-et-quasi-perferendis','Content for Day 3',NULL),(2154,129,1,'Day 4','eligendi-magni-officia-est-maxime-ipsam-repudiandae','Content for Day 4',NULL),(2155,129,1,'Day5','commodi-minus-mollitia-doloremque-aut-beatae-iusto-est-dicta','Content for Day 5',NULL),(2156,129,1,'Day 6','odit-totam-sed-qui-sunt-nesciunt-tempore-modi','Content for Day 6',NULL),(2157,129,1,'Day 7','doloremque-alias-totam-dolorum-dolores-eum','Content for Day 7',NULL),(2158,129,1,'Day 8','sed-ipsum-voluptatem-aut-numquam-laboriosam','Content for Day 8',NULL),(2159,129,1,'Day 9','soluta-incidunt-voluptas-et-deleniti-autem-ut-commodi-distinctio','Content for Day 9',NULL),(2160,129,1,'Day 10','similique-sed-omnis-vel-cumque-voluptatem-asperiores-voluptates','Content for Day 10',NULL),(2161,129,1,'Day 11','ut-voluptates-ut-qui-quia-perferendis-sunt-occaecati','Content for Day 11',NULL),(2162,129,1,'Day 12','et-vero-rem-sint-officia','Content for Day 12',NULL),(2163,129,1,'Day 13','sed-ut-officia-veritatis-facilis-dolores-architecto-et','Content for Day 13',NULL),(2164,129,1,'Day 14','eum-distinctio-ut-sed-est','Content for Day 14',NULL),(2165,129,1,'Day 15','ut-facere-eveniet-ipsum','Content for Day 15',NULL),(2166,129,1,'Day 16','aliquam-excepturi-optio-perspiciatis-quia','Content for Day 16',NULL),(2167,129,1,'Day 17','ex-numquam-qui-et-et-excepturi-velit','Content for Day 17',NULL),(2168,129,1,'Day 18','placeat-vel-odit-qui-quia','Content for Day 18',NULL),(2169,129,1,'Day 19','fugit-dolores-ab-ut-necessitatibus','Content for Day 19',NULL),(2170,129,1,'Day 20','accusamus-molestias-et-ullam-inventore-corporis-voluptatum','Content for Day 20',NULL),(2171,129,1,'Day 21','ut-enim-minus-provident-similique-nihil-vel-ipsa-quasi','Content for Day 21',NULL),(2172,129,1,'Day 22','consequatur-deserunt-velit-sit-omnis','Content for Day 22',NULL),(2173,129,1,'Day 23','sed-dolore-est-consequatur-asperiores-et-quae','Content for Day 23',NULL),(2174,129,1,'Day 24','tenetur-ipsa-voluptatem-ab-quibusdam-error','Content for Day 24',NULL),(2175,129,1,'Day 25','dolor-temporibus-repellendus-repellendus-veritatis','Content for Day 25',NULL),(2176,129,1,'Day 26','maiores-quia-temporibus-molestiae-quo-temporibus-sint-ab','Content for Day 26',NULL),(2177,129,1,'Day 27','qui-voluptatum-nisi-vero-et-est-voluptate-magnam','Content for Day 27',NULL),(2178,129,1,'Day 28','quod-tenetur-incidunt-aut-quia-perspiciatis-exercitationem-sapiente','Content for Day 28',NULL),(2179,129,1,'Day 29','voluptatem-a-ut-provident-quod','Content for Day 29',NULL),(2180,129,1,'Day 30','asperiores-non-sapiente-est-voluptatem','Content for Day 30',NULL),(2181,130,1,'Day1','et-in-temporibus-voluptas-incidunt','Content for Day 1',NULL),(2182,130,1,'Day 2','fugiat-nobis-numquam-harum-vero-odio-porro-tempora-deleniti','Content for Day 2',NULL),(2183,130,1,'Day3','et-perferendis-molestias-ut-non-illo-qui-odio','Content for Day 3',NULL),(2184,130,1,'Day 4','ratione-rem-quod-et-debitis-eos-magni-ducimus','Content for Day 4',NULL),(2185,130,1,'Day5','nihil-accusantium-inventore-reprehenderit-rerum-rerum-id','Content for Day 5',NULL),(2186,130,1,'Day 6','rerum-maxime-vel-sit-minima-labore-incidunt-quidem','Content for Day 6',NULL),(2187,130,1,'Day 7','maiores-voluptatum-culpa-ea','Content for Day 7',NULL),(2188,130,1,'Day 8','minima-eos-ea-ut-consequuntur-nisi-voluptate','Content for Day 8',NULL),(2189,130,1,'Day 9','quisquam-impedit-perferendis-dolores-ut-temporibus-sapiente-et','Content for Day 9',NULL),(2190,130,1,'Day 10','aliquid-quia-doloremque-et','Content for Day 10',NULL),(2191,130,1,'Day 11','et-quis-repellat-debitis-eos','Content for Day 11',NULL),(2192,130,1,'Day 12','occaecati-vero-sunt-laudantium-ut-commodi-nihil','Content for Day 12',NULL),(2193,130,1,'Day 13','explicabo-nostrum-excepturi-sed-mollitia','Content for Day 13',NULL),(2194,130,1,'Day 14','ut-nesciunt-sapiente-neque-odio-voluptas-autem-et','Content for Day 14',NULL),(2195,130,1,'Day 15','quidem-qui-reprehenderit-voluptate-animi','Content for Day 15',NULL),(2196,130,1,'Day 16','aperiam-itaque-nulla-eius-aut','Content for Day 16',NULL),(2197,130,1,'Day 17','libero-aut-deserunt-doloremque-odit-assumenda-aut-accusantium','Content for Day 17',NULL),(2198,130,1,'Day 18','praesentium-et-odit-aut-et','Content for Day 18',NULL),(2199,130,1,'Day 19','consequatur-sint-tempore-tenetur-reprehenderit','Content for Day 19',NULL),(2200,130,1,'Day 20','cum-illo-accusantium-esse-laborum-est-expedita','Content for Day 20',NULL),(2201,130,1,'Day 21','quaerat-consequuntur-aut-rerum-id-aut-molestias-cum','Content for Day 21',NULL),(2202,130,1,'Day 22','qui-non-consequuntur-qui-animi-totam-error','Content for Day 22',NULL),(2203,130,1,'Day 23','voluptas-aut-aut-qui-nostrum-provident-commodi','Content for Day 23',NULL),(2204,130,1,'Day 24','et-enim-qui-sed-sed-omnis-est','Content for Day 24',NULL),(2205,130,1,'Day 25','nobis-qui-inventore-et-nihil-eveniet-expedita','Content for Day 25',NULL),(2206,130,1,'Day 26','tempore-eos-odit-cum-nihil-provident-dignissimos','Content for Day 26',NULL),(2207,130,1,'Day 27','vero-voluptatum-eum-omnis-aut-ut-labore','Content for Day 27',NULL),(2208,130,1,'Day 28','est-consequuntur-fugit-nisi-architecto-nemo','Content for Day 28',NULL),(2209,130,1,'Day 29','facere-quo-esse-et-voluptatem','Content for Day 29',NULL),(2210,130,1,'Day 30','molestias-minus-consequatur-ut-rerum','Content for Day 30',NULL),(2211,131,1,'Day1','maiores-cupiditate-tenetur-amet-impedit-repellendus-voluptatem-tempore','Content for Day 1',NULL),(2212,131,1,'Day 2','commodi-aut-et-quod-at-dolor','Content for Day 2',NULL),(2213,131,1,'Day3','voluptas-soluta-nobis-voluptas-molestiae-repellendus-non','Content for Day 3',NULL),(2214,131,1,'Day 4','quia-autem-a-dolores-aut','Content for Day 4',NULL),(2215,131,1,'Day5','incidunt-eveniet-voluptatem-est-aliquam-ab-ipsa-debitis-laudantium','Content for Day 5',NULL),(2216,131,1,'Day 6','nemo-laboriosam-aut-vero-dolores-non-cumque-eum-non','Content for Day 6',NULL),(2217,131,1,'Day 7','sit-odit-distinctio-ut-qui-dolor','Content for Day 7',NULL),(2218,131,1,'Day 8','illum-rem-eius-tempore-magni','Content for Day 8',NULL),(2219,131,1,'Day 9','omnis-optio-quia-facilis-et-necessitatibus','Content for Day 9',NULL),(2220,131,1,'Day 10','autem-tenetur-deleniti-necessitatibus-labore-ad','Content for Day 10',NULL),(2221,131,1,'Day 11','quia-repudiandae-quidem-optio-est-amet-aut-ut','Content for Day 11',NULL),(2222,131,1,'Day 12','molestias-libero-voluptatem-sint-sequi-illum-qui','Content for Day 12',NULL),(2223,131,1,'Day 13','ipsam-doloribus-et-itaque-aut-quasi-saepe','Content for Day 13',NULL),(2224,131,1,'Day 14','numquam-eos-ut-aut-odit-minima-inventore-qui-quam','Content for Day 14',NULL),(2225,131,1,'Day 15','veritatis-quo-possimus-vel-autem-vitae-omnis','Content for Day 15',NULL),(2226,131,1,'Day 16','dicta-dignissimos-quibusdam-tenetur-mollitia-aliquam-libero-perferendis','Content for Day 16',NULL),(2227,131,1,'Day 17','voluptatibus-vel-at-aut-nemo-eos-minus-provident-enim','Content for Day 17',NULL),(2228,131,1,'Day 18','quia-facere-rem-iusto-recusandae','Content for Day 18',NULL),(2229,131,1,'Day 19','tenetur-ratione-perferendis-sint-at-iusto-unde-at','Content for Day 19',NULL),(2230,131,1,'Day 20','consequatur-consectetur-sit-sequi-nisi-et-autem-et','Content for Day 20',NULL),(2231,131,1,'Day 21','tenetur-perferendis-doloremque-sapiente-nulla-minus-quis-omnis-at','Content for Day 21',NULL),(2232,131,1,'Day 22','eius-voluptas-ut-vel','Content for Day 22',NULL),(2233,131,1,'Day 23','omnis-accusantium-hic-sunt-quam-placeat-ipsam','Content for Day 23',NULL),(2234,131,1,'Day 24','aliquid-et-unde-aut-error','Content for Day 24',NULL),(2235,131,1,'Day 25','quod-perferendis-quod-aperiam-sunt-necessitatibus-amet-iste-odio','Content for Day 25',NULL),(2236,131,1,'Day 26','laborum-rem-ea-sunt-consequuntur-quo-accusamus-quia-qui','Content for Day 26',NULL),(2237,131,1,'Day 27','autem-nihil-aut-consequatur','Content for Day 27',NULL),(2238,131,1,'Day 28','ex-aperiam-ipsa-non-ipsa-numquam-esse-quam-consectetur','Content for Day 28',NULL),(2239,131,1,'Day 29','qui-iusto-consequatur-ut-sed-quisquam-voluptates','Content for Day 29',NULL),(2240,131,1,'Day 30','saepe-et-ut-qui-qui-dolores','Content for Day 30',NULL),(2241,132,1,'Day1','fugiat-molestias-sint-quidem-recusandae','Content for Day 1',NULL),(2242,132,1,'Day 2','numquam-praesentium-dolor-sapiente-adipisci-incidunt-blanditiis-nihil','Content for Day 2',NULL),(2243,132,1,'Day3','voluptatibus-ea-omnis-cupiditate-suscipit-magnam','Content for Day 3',NULL),(2244,132,1,'Day 4','porro-eligendi-eos-perspiciatis-esse-qui-perspiciatis-fugiat','Content for Day 4',NULL),(2245,132,1,'Day5','dolor-sunt-explicabo-qui-est-vitae-eaque-neque','Content for Day 5',NULL),(2246,132,1,'Day 6','porro-dignissimos-nobis-error','Content for Day 6',NULL),(2247,132,1,'Day 7','sapiente-delectus-eos-molestiae-iusto','Content for Day 7',NULL),(2248,132,1,'Day 8','molestiae-eius-illo-aut-consequatur-est-tempora-voluptatum','Content for Day 8',NULL),(2249,132,1,'Day 9','qui-soluta-dolorem-esse-et-culpa-architecto','Content for Day 9',NULL),(2250,132,1,'Day 10','harum-eligendi-voluptatem-rem-impedit-ipsa','Content for Day 10',NULL),(2251,132,1,'Day 11','vel-praesentium-nihil-ut','Content for Day 11',NULL),(2252,132,1,'Day 12','tenetur-eos-facilis-eius-eaque-doloremque-exercitationem','Content for Day 12',NULL),(2253,132,1,'Day 13','aut-porro-sint-eligendi-commodi-sequi-optio','Content for Day 13',NULL),(2254,132,1,'Day 14','autem-consequatur-possimus-nesciunt-ut-dolorem-impedit-similique','Content for Day 14',NULL),(2255,132,1,'Day 15','molestiae-sed-quia-iste-ut-architecto-in','Content for Day 15',NULL),(2256,132,1,'Day 16','voluptates-eum-non-mollitia-impedit','Content for Day 16',NULL),(2257,132,1,'Day 17','quaerat-mollitia-facere-qui-voluptates-optio-repellendus-voluptas','Content for Day 17',NULL),(2258,132,1,'Day 18','sed-libero-ex-et-laudantium-dolore','Content for Day 18',NULL),(2259,132,1,'Day 19','minima-dolore-aspernatur-omnis-officia-qui-voluptas-velit','Content for Day 19',NULL),(2260,132,1,'Day 20','et-tempore-accusamus-voluptate-dicta-perspiciatis-quisquam','Content for Day 20',NULL),(2261,132,1,'Day 21','occaecati-fugit-dignissimos-et-sint-libero-et-modi','Content for Day 21',NULL),(2262,132,1,'Day 22','in-ipsum-harum-nostrum-voluptatem-eveniet-ut-sunt','Content for Day 22',NULL),(2263,132,1,'Day 23','ut-libero-et-provident','Content for Day 23',NULL),(2264,132,1,'Day 24','delectus-facilis-et-necessitatibus-qui-natus-nobis-a','Content for Day 24',NULL),(2265,132,1,'Day 25','autem-nihil-corrupti-ipsa-dignissimos-ullam-rerum-vitae-dolor','Content for Day 25',NULL),(2266,132,1,'Day 26','voluptatem-ipsum-aut-vel-et','Content for Day 26',NULL),(2267,132,1,'Day 27','repellat-debitis-reprehenderit-nihil-itaque-maxime','Content for Day 27',NULL),(2268,132,1,'Day 28','dolorum-repellendus-est-esse-qui-voluptatem','Content for Day 28',NULL),(2269,132,1,'Day 29','ipsa-assumenda-accusamus-fuga-magni-ut','Content for Day 29',NULL),(2270,132,1,'Day 30','blanditiis-sint-asperiores-alias-fugit-distinctio','Content for Day 30',NULL);
/*!40000 ALTER TABLE `day` ENABLE KEYS */;
UNLOCK TABLES;

--
-- Table structure for table `doctrine_migration_versions`
--

DROP TABLE IF EXISTS `doctrine_migration_versions`;
/*!40101 SET @saved_cs_client     = @@character_set_client */;
/*!50503 SET character_set_client = utf8mb4 */;
CREATE TABLE `doctrine_migration_versions` (
  `version` varchar(191) COLLATE utf8_unicode_ci NOT NULL,
  `executed_at` datetime DEFAULT NULL,
  `execution_time` int DEFAULT NULL,
  PRIMARY KEY (`version`)
) ENGINE=InnoDB DEFAULT CHARSET=utf8mb3 COLLATE=utf8_unicode_ci;
/*!40101 SET character_set_client = @saved_cs_client */;

--
-- Dumping data for table `doctrine_migration_versions`
--

LOCK TABLES `doctrine_migration_versions` WRITE;
/*!40000 ALTER TABLE `doctrine_migration_versions` DISABLE KEYS */;
INSERT INTO `doctrine_migration_versions` VALUES ('DoctrineMigrations\\Version20201112051221','2021-09-28 01:13:13',138);
/*!40000 ALTER TABLE `doctrine_migration_versions` ENABLE KEYS */;
UNLOCK TABLES;

--
-- Table structure for table `month`
--

DROP TABLE IF EXISTS `month`;
/*!40101 SET @saved_cs_client     = @@character_set_client */;
/*!50503 SET character_set_client = utf8mb4 */;
CREATE TABLE `month` (
  `id` int NOT NULL AUTO_INCREMENT,
  `title` varchar(255) COLLATE utf8mb4_unicode_ci NOT NULL,
  `content` longtext COLLATE utf8mb4_unicode_ci,
  `published_at` tinyint(1) DEFAULT NULL,
  `image_filename` varchar(255) COLLATE utf8mb4_unicode_ci DEFAULT NULL,
  `slug` varchar(100) COLLATE utf8mb4_unicode_ci NOT NULL,
  PRIMARY KEY (`id`)
) ENGINE=InnoDB AUTO_INCREMENT=133 DEFAULT CHARSET=utf8mb4 COLLATE=utf8mb4_unicode_ci;
/*!40101 SET character_set_client = @saved_cs_client */;

--
-- Dumping data for table `month`
--

LOCK TABLES `month` WRITE;
/*!40000 ALTER TABLE `month` DISABLE KEYS */;
INSERT INTO `month` VALUES (121,'January','January content',0,NULL,'cum-aut-sit-quas-amet'),(122,'February','February content',0,NULL,'velit-distinctio-non-ipsam-est-sequi'),(123,'March','March content',0,NULL,'et-laboriosam-tempore-qui-animi-ut-voluptatibus-consequatur-ut'),(124,'April','April content',0,NULL,'iste-quaerat-officia-blanditiis-quia'),(125,'May','May content',0,NULL,'ut-et-aut-sunt-ut-ea'),(126,'June','June content',0,NULL,'aut-quia-reiciendis-dolorem-quo-eaque'),(127,'July','July content',0,NULL,'quibusdam-alias-expedita-labore-provident-quam-perspiciatis-necessitatibus'),(128,'August','August content',0,NULL,'beatae-facilis-laudantium-nostrum-dolor-qui'),(129,'September','September content',0,NULL,'eligendi-quia-ea-fugit'),(130,'October','October content',0,NULL,'quis-aut-iure-ut-error-tenetur-et'),(131,'November','November content',0,NULL,'assumenda-excepturi-vel-est-minus'),(132,'December','December content',0,NULL,'laboriosam-quaerat-non-sint-et-aut-minima');
/*!40000 ALTER TABLE `month` ENABLE KEYS */;
UNLOCK TABLES;

--
-- Table structure for table `user`
--

DROP TABLE IF EXISTS `user`;
/*!40101 SET @saved_cs_client     = @@character_set_client */;
/*!50503 SET character_set_client = utf8mb4 */;
CREATE TABLE `user` (
  `id` int NOT NULL AUTO_INCREMENT,
  `email` varchar(180) COLLATE utf8mb4_unicode_ci NOT NULL,
  `roles` json NOT NULL,
  `first_name` varchar(255) COLLATE utf8mb4_unicode_ci DEFAULT NULL,
  `password` varchar(255) COLLATE utf8mb4_unicode_ci NOT NULL,
  `agreed_terms_at` datetime NOT NULL,
  PRIMARY KEY (`id`),
  UNIQUE KEY `UNIQ_8D93D649E7927C74` (`email`)
) ENGINE=InnoDB AUTO_INCREMENT=144 DEFAULT CHARSET=utf8mb4 COLLATE=utf8mb4_unicode_ci;
/*!40101 SET character_set_client = @saved_cs_client */;

--
-- Dumping data for table `user`
--

LOCK TABLES `user` WRITE;
/*!40000 ALTER TABLE `user` DISABLE KEYS */;
INSERT INTO `user` VALUES (131,'spacebar0@example.com','[]','Mason','$2y$13$VtmEAB7/YK6K0INw9i8wl.q5N4WbfzlEBZlYWVyobCdyui.mY/vmG','2021-09-29 19:22:24'),(132,'spacebar1@example.com','[]','Gage','$2y$13$HxTYikwdITi1tWwXE8mAtOD7sDfyzFxBG4uTVOXhRN8mHUSQw.0ka','2021-09-29 19:22:25'),(133,'spacebar2@example.com','[]','Waylon','$2y$13$KXxYjA9cxx.rnZGs6owrhOoGiKaJU5ufBibifecbnZx/2Hmg4M62m','2021-09-29 19:22:25'),(134,'spacebar3@example.com','[]','Grady','$2y$13$M8DPOHRiXSsLz7DZjR1ekuljEnYj1pVRWcUoYSZAy43YpQspGouLS','2021-09-29 19:22:26'),(135,'spacebar4@example.com','[]','Moses','$2y$13$8mEoRanhQLui8QKUVl9pVOhRsiFEyMY1n3Otlk.l9rtOEXa0mpWHS','2021-09-29 19:22:26'),(136,'spacebar5@example.com','[]','Imelda','$2y$13$4cYR9dhuJm/SkZNz66408ubzFU7taLt4T9wC/wYmQWq00h57dKk32','2021-09-29 19:22:26'),(137,'spacebar6@example.com','[]','Golda','$2y$13$Nh052V.zG48Cd78wgx7j5OqjKEBXai6r1qhLqMA6y03mW4ozl/4JW','2021-09-29 19:22:27'),(138,'spacebar7@example.com','[]','Cristal','$2y$13$3M./gZRjt921iTNeBqcdD.XlWAH7cXwrBVIrT9cm0DYxotb76n5.K','2021-09-29 19:22:27'),(139,'spacebar8@example.com','[]','Enola','$2y$13$2qebmXZCE3vPqil5hjqNuOtqwx6xcE7hszUgC6TAz2pNEZiHDD8Ke','2021-09-29 19:22:28'),(140,'spacebar9@example.com','[]','Alvina','$2y$13$o3SVfiavOJek0OWFGZNcU.EaLMzanJkG9WtP7MsBVD5BT1lIEU93O','2021-09-29 19:22:28'),(141,'admin0@thespacebar.com','[\"ROLE_ADMIN\"]','Gino','$2y$13$L8I7mIVZS.36htFKPC92fOVBL6A7fzmwW3dGs.DusPlqKubl5EWYi','2021-09-29 19:22:29'),(142,'admin1@thespacebar.com','[\"ROLE_ADMIN\"]','Johathan','$2y$13$Wbx3/j8DACcYNnckOZmDRO/VQRf446hKTqslpHgkbezNvYlqOZu1u','2021-09-29 19:22:29'),(143,'admin2@thespacebar.com','[\"ROLE_ADMIN\"]','Clara','$2y$13$Bo7RXB2wQMb5xNNrYo/LlebPRNc2AMIKo7r47YMQpjrYhqGboOF2G','2021-09-29 19:22:30');
/*!40000 ALTER TABLE `user` ENABLE KEYS */;
UNLOCK TABLES;
/*!40103 SET TIME_ZONE=@OLD_TIME_ZONE */;

/*!40101 SET SQL_MODE=@OLD_SQL_MODE */;
/*!40014 SET FOREIGN_KEY_CHECKS=@OLD_FOREIGN_KEY_CHECKS */;
/*!40014 SET UNIQUE_CHECKS=@OLD_UNIQUE_CHECKS */;
/*!40101 SET CHARACTER_SET_CLIENT=@OLD_CHARACTER_SET_CLIENT */;
/*!40101 SET CHARACTER_SET_RESULTS=@OLD_CHARACTER_SET_RESULTS */;
/*!40101 SET COLLATION_CONNECTION=@OLD_COLLATION_CONNECTION */;
/*!40111 SET SQL_NOTES=@OLD_SQL_NOTES */;

-- Dump completed on 2021-09-29 13:29:43
